Tier,Game,Original price,Now,Saved $,Discount %,Review % positive,Reviews,Review label,Store URL
AAA,Need for Speed™ Heat,$69.99,$6.99,63.0,90,85,52606,positive,https://store.steampowered.com/app/1222680/
AA,Steelrising,$59.99,$5.99,54.0,90,73,1799,positive,https://store.steampowered.com/app/1283400/
AAA,Battlefield™ 2042,$59.99,$5.99,54.0,90,46,106607,mixed,https://store.steampowered.com/app/1517290/
AAA,The Quarry,$52.99,$5.29,47.7,90,83,8179,positive,https://store.steampowered.com/app/1577120/
A,Painkiller: Resurrection,$52.49,$5.24,47.25,90,24,526,negative,https://store.steampowered.com/app/39560/
AA,Ni no Kuni Wrath of the White Witch™ Remastered,$49.99,$7.49,42.5,85,83,2489,positive,https://store.steampowered.com/app/798460/
AA,WRC 10 FIA World Rally Championship,$49.99,$4.99,45.0,90,75,863,positive,https://store.steampowered.com/app/1462810/
AAA,Battlefield™ V,$49.99,$4.99,45.0,90,71,35529,positive,https://store.steampowered.com/app/1238810/
AAA,Marvel's Midnight Suns,$44.99,$6.74,38.25,85,83,11772,positive,https://store.steampowered.com/app/368260/
AAA,Borderlands 3,$44.99,$4.49,40.5,90,81,60236,positive,https://store.steampowered.com/app/397540/
AAA,Assassin's Creed® Origins,$43.99,$6.59,37.4,85,84,36978,positive,https://store.steampowered.com/app/582160/
AAA,Watch_Dogs® 2,$43.99,$2.19,41.8,95,81,27400,positive,https://store.steampowered.com/app/447040/
AAA,Far Cry® 5,$43.99,$6.59,37.4,85,80,70073,positive,https://store.steampowered.com/app/552520/
AAA,Far Cry® 6,$43.99,$4.39,39.6,90,66,12985,mixed,https://store.steampowered.com/app/2369390/
AAA,Watch Dogs®: Legion,$43.99,$6.59,37.4,85,58,4818,mixed,https://store.steampowered.com/app/2239550/
AAA,Nioh: Complete Edition,$41.69,$6.25,35.44,85,80,9132,positive,https://store.steampowered.com/app/485510/
AAA,Golf With Your Friends,$39.99,$3.99,36.0,90,88,37384,positive,https://store.steampowered.com/app/431240/
AAA,STAR WARS Jedi: Fallen Order™,$39.99,$7.99,32.0,80,88,83823,positive,https://store.steampowered.com/app/1172380/
AA,MY HERO ONE'S JUSTICE 2,$39.99,$4.79,35.2,88,87,1655,positive,https://store.steampowered.com/app/1058450/
AAA,Divinity: Original Sin - Enhanced Edition,$39.99,$3.99,36.0,90,86,11851,positive,https://store.steampowered.com/app/373420/
AAA,Battlefield™ 1,$39.99,$3.99,36.0,90,86,46575,positive,https://store.steampowered.com/app/1238840/
AAA,DRAGON BALL XENOVERSE,$39.99,$3.99,36.0,90,85,6944,positive,https://store.steampowered.com/app/323470/
AA,MXGP 2021 - The Official Motocross Videogame,$39.99,$3.99,36.0,90,85,1166,positive,https://store.steampowered.com/app/1610470/
AAA,Battlefield 4™,$39.99,$3.99,36.0,90,83,29556,positive,https://store.steampowered.com/app/1238860/
AA,RIDE 4,$39.99,$5.99,34.0,85,81,2677,positive,https://store.steampowered.com/app/1259980/
AAA,Dying Light 2 Stay Human: Reloaded Edition,$39.99,$7.99,32.0,80,77,69157,positive,https://store.steampowered.com/app/534380/
AA,BLACK CLOVER: QUARTET KNIGHTS,$39.99,$5.19,34.8,87,75,832,positive,https://store.steampowered.com/app/714080/
AAA,Mass Effect™: Andromeda Deluxe Edition,$39.99,$7.99,32.0,80,72,10094,positive,https://store.steampowered.com/app/1238000/
AAA,Battlefield 3™,$39.99,$3.99,36.0,90,70,5459,positive,https://store.steampowered.com/app/1238820/
AA,Hunting Simulator 2,$39.99,$1.99,38.0,95,70,917,positive,https://store.steampowered.com/app/1135910/
AAA,STAR WARS™: Squadrons,$39.99,$3.99,36.0,90,68,19104,mixed,https://store.steampowered.com/app/1222730/
AA,Battlefield™ Hardline,$39.99,$3.99,36.0,90,68,1492,mixed,https://store.steampowered.com/app/1238880/
AAA,"Warhammer 40,000: Dawn of War III",$39.99,$7.99,32.0,80,47,7892,mixed,https://store.steampowered.com/app/285190/
A,LEFT ALIVE™,$39.99,$3.99,36.0,90,31,622,negative,https://store.steampowered.com/app/714370/
AA,Gord,$37.99,$3.79,34.2,90,53,809,mixed,https://store.steampowered.com/app/1351210/
AA,FlatOut 4: Total Insanity,$37.49,$7.49,30.0,80,53,1938,mixed,https://store.steampowered.com/app/402130/
AA,Tom Clancy's Ghost Recon® Wildlands,$36.99,$7.39,29.6,80,77,41361,positive,https://store.steampowered.com/app/460930/
AA,DRAGON QUEST MONSTERS: The Dark Prince,$34.99,$6.99,28.0,80,71,1160,positive,https://store.steampowered.com/app/2175540/
AA,Resident Evil 2,$32.99,$6.59,26.4,80,96,59034,positive,https://store.steampowered.com/app/883710/
AA,MONSTER HUNTER RISE,$32.99,$6.59,26.4,80,87,34569,positive,https://store.steampowered.com/app/1446780/
AA,Resident Evil 3,$32.99,$6.59,26.4,80,82,32614,positive,https://store.steampowered.com/app/952060/
AA,Monster Hunter World: Iceborne,$32.99,$4.94,28.05,85,78,5803,positive,https://store.steampowered.com/app/1118010/
AA,Monster Hunter Rise: Sunbreak,$32.99,$4.94,28.05,85,78,1978,positive,https://store.steampowered.com/app/1880360/
AA,Dying Light: The Following,$32.99,$6.59,26.4,80,78,1498,positive,https://store.steampowered.com/app/325724/
AA,Far Cry® New Dawn,$32.99,$6.59,26.4,80,74,14408,positive,https://store.steampowered.com/app/939960/
A,TT Isle Of Man: Ride on the Edge 3,$30.99,$1.54,29.45,95,75,691,positive,https://store.steampowered.com/app/1924170/
AA,King's Bounty II,$30.00,$3.00,27.0,90,56,1089,mixed,https://store.steampowered.com/app/1135300/
AA,Titanfall® 2,$29.99,$4.49,25.5,85,95,96608,positive,https://store.steampowered.com/app/1237970/
A,Arcana Heart 3 LOVEMAX SIXSTARS!!!!!! XTEND,$29.99,$5.99,24.0,80,85,325,positive,https://store.steampowered.com/app/661990/
AA,Worms W.M.D,$29.99,$5.99,24.0,80,83,4797,positive,https://store.steampowered.com/app/327030/
AA,Riders Republic,$29.99,$2.99,27.0,90,82,7669,positive,https://store.steampowered.com/app/2290180/
AA,Need for Speed™ Hot Pursuit Remastered,$29.99,$5.99,24.0,80,79,5929,positive,https://store.steampowered.com/app/1328660/
A,WRC 9 FIA World Rally Championship,$29.99,$2.99,27.0,90,79,541,positive,https://store.steampowered.com/app/1267540/
AA,Assassin's Creed® Syndicate,$29.99,$5.99,24.0,80,78,10220,positive,https://store.steampowered.com/app/368500/
A,MotoGP™23,$29.99,$5.99,24.0,80,78,747,positive,https://store.steampowered.com/app/2100160/
AA,Echoes of the End: Enhanced Edition,$29.99,$5.99,24.0,80,77,1490,positive,https://store.steampowered.com/app/2821610/
AA,Ad Infinitum,$29.99,$2.99,27.0,90,77,1036,positive,https://store.steampowered.com/app/1234430/
AA,Immortals Fenyx Rising,$29.99,$2.99,27.0,90,72,2082,positive,https://store.steampowered.com/app/2221920/
A,V-Rally 4,$29.99,$2.99,27.0,90,72,717,positive,https://store.steampowered.com/app/658700/
AA,Anno 2205™,$29.99,$4.49,25.5,85,69,3001,mixed,https://store.steampowered.com/app/375910/
A,Crown Wars: The Black Prince,$29.99,$1.49,28.5,95,60,502,mixed,https://store.steampowered.com/app/1658920/
AA,SOULCALIBUR VI,$28.99,$4.63,24.36,84,83,5785,positive,https://store.steampowered.com/app/544750/
AA,ONE PIECE World Seeker,$28.99,$2.89,26.1,90,78,2167,positive,https://store.steampowered.com/app/755500/
A,Espire 1: VR Operative,$28.63,$5.40,23.23,81,54,381,mixed,https://store.steampowered.com/app/669290/
AA,Pathfinder: Wrath of the Righteous - Enhanced Edition,$27.99,$5.59,22.4,80,81,18565,positive,https://store.steampowered.com/app/1184370/
A,Pathfinder: Wrath of the Righteous - Through the Ashes,$27.99,$5.59,22.4,80,60,495,mixed,https://store.steampowered.com/app/1889981/
AA,Warhammer Age of Sigmar: Realms of Ruin,$27.99,$5.59,22.4,80,55,1867,mixed,https://store.steampowered.com/app/1844380/
A,Pathfinder: Wrath of the Righteous - Inevitable Excess,$27.99,$5.59,22.4,80,41,406,mixed,https://store.steampowered.com/app/1889980/
A,Pathfinder: Wrath of the Righteous – The Treasure of the Midnight Isles,$27.99,$5.59,22.4,80,38,507,negative,https://store.steampowered.com/app/2064590/
A,BALAN WONDERWORLD,$26.99,$4.04,22.95,85,55,454,mixed,https://store.steampowered.com/app/1341050/
AA,ONE PUNCH MAN: A HERO NOBODY KNOWS,$25.99,$2.59,23.4,90,53,1692,mixed,https://store.steampowered.com/app/991560/
AA,Classified: France '44,$25.49,$5.09,20.4,80,70,844,positive,https://store.steampowered.com/app/2085370/
AA,Rising Storm 2: Vietnam,$24.99,$2.49,22.5,90,89,26836,positive,https://store.steampowered.com/app/418460/
AA,The Escapists,$24.99,$2.49,22.5,90,89,9357,positive,https://store.steampowered.com/app/298630/
AA,FlatOut: Ultimate Carnage Collector's Edition,$24.99,$4.99,20.0,80,87,2102,positive,https://store.steampowered.com/app/12360/
AA,Worms Revolution,$24.99,$4.99,20.0,80,83,2239,positive,https://store.steampowered.com/app/200170/
AA,Yonder: The Cloud Catcher Chronicles,$24.99,$4.99,20.0,80,81,1546,positive,https://store.steampowered.com/app/580200/
AA,Narita Boy,$24.99,$2.49,22.5,90,79,1162,positive,https://store.steampowered.com/app/1069530/
AA,Worms Clan Wars,$24.99,$4.99,20.0,80,77,1678,positive,https://store.steampowered.com/app/233840/
A,Manga Maker Comipo,$24.99,$4.99,20.0,80,76,643,positive,https://store.steampowered.com/app/262490/
AA,Rogue Lords,$24.99,$2.49,22.5,90,71,1443,positive,https://store.steampowered.com/app/1069690/
A,Almighty: Kill Your Gods,$24.99,$4.99,20.0,80,61,321,mixed,https://store.steampowered.com/app/1206600/
AA,Hammerting,$24.99,$2.49,22.5,90,57,1732,mixed,https://store.steampowered.com/app/760650/
AA,Test Drive Unlimited Solar Crown,$24.99,$4.99,20.0,80,38,2891,negative,https://store.steampowered.com/app/1249970/
AA,Dragon's Dogma: Dark Arisen,$23.99,$3.83,20.16,84,88,22264,positive,https://store.steampowered.com/app/367500/
AA,Ghostrunner 2,$23.99,$4.79,19.2,80,79,3193,positive,https://store.steampowered.com/app/2144740/
AA,Dead Rising 3 Apocalypse Edition,$23.99,$4.79,19.2,80,76,6062,positive,https://store.steampowered.com/app/265550/
AA,Dead Rising 4,$23.99,$4.79,19.2,80,60,1673,mixed,https://store.steampowered.com/app/543460/
AA,Iron Harvest,$22.99,$3.44,19.55,85,75,6146,positive,https://store.steampowered.com/app/826630/
A,Gungrave G.O.R.E,$22.99,$2.29,20.7,90,71,746,positive,https://store.steampowered.com/app/1630110/
AA,Dakar 18,$22.99,$2.29,20.7,90,69,828,mixed,https://store.steampowered.com/app/767390/
AA,Agents of Mayhem,$22.99,$1.14,21.85,95,60,1819,mixed,https://store.steampowered.com/app/304530/
AA,Temtem,$22.49,$4.49,18.0,80,82,17970,positive,https://store.steampowered.com/app/745920/
AA,Steep™,$21.99,$1.09,20.9,95,84,12610,positive,https://store.steampowered.com/app/460920/
AA,Far Cry® 4,$21.99,$4.39,17.6,80,81,25165,positive,https://store.steampowered.com/app/298110/
AA,Tom Clancy’s The Division® 2,$21.99,$2.19,19.8,90,79,17666,positive,https://store.steampowered.com/app/2221490/
AA,Tom Clancy’s The Division™,$21.99,$2.19,19.8,90,73,27549,positive,https://store.steampowered.com/app/365590/
AA,FOR HONOR™,$21.99,$2.19,19.8,90,68,59313,mixed,https://store.steampowered.com/app/304390/
AA,The Great War: Western Front™,$21.99,$4.39,17.6,80,65,1873,mixed,https://store.steampowered.com/app/2109370/
AA,Might & Magic X - Legacy,$21.99,$4.39,17.6,80,64,1745,mixed,https://store.steampowered.com/app/238750/
AA,Deus Ex: Mankind Divided,$20.99,$2.09,18.9,90,75,16479,positive,https://store.steampowered.com/app/337000/
AA,Torchlight III,$20.99,$3.14,17.85,85,51,4918,mixed,https://store.steampowered.com/app/1030210/
AA,Dead Space™ 2,$19.99,$3.99,16.0,80,93,12015,positive,https://store.steampowered.com/app/47780/
AA,Torchlight II,$19.99,$3.99,16.0,80,93,17514,positive,https://store.steampowered.com/app/200710/
AA,Turok,$19.99,$2.99,17.0,85,93,2473,positive,https://store.steampowered.com/app/405820/
AA,UnMetal,$19.99,$3.99,16.0,80,91,861,positive,https://store.steampowered.com/app/1203710/
AA,Turok 2: Seeds of Evil,$19.99,$3.99,16.0,80,91,1632,positive,https://store.steampowered.com/app/405830/
A,11-11 Memories Retold,$19.99,$2.99,17.0,85,89,670,positive,https://store.steampowered.com/app/735580/
AA,"Warhammer 40,000: Dawn of War II - Anniversary Edition (Classic)",$19.99,$3.99,16.0,80,84,4677,positive,https://store.steampowered.com/app/15620/
AA,Agatha Christie - Murder on the Orient Express,$19.99,$3.99,16.0,80,82,1081,positive,https://store.steampowered.com/app/1904790/
AA,Blacksad: Under the Skin,$19.99,$3.99,16.0,80,79,1727,positive,https://store.steampowered.com/app/1003890/
AA,After the Fall®,$19.99,$3.99,16.0,80,76,1542,positive,https://store.steampowered.com/app/751630/
AA,The Dwarves,$19.99,$3.99,16.0,80,74,1189,positive,https://store.steampowered.com/app/403970/
A,Agarest: Generations of War Zero,$19.99,$3.99,16.0,80,72,350,positive,https://store.steampowered.com/app/260130/
AA,Dead Space™ 3,$19.99,$3.99,16.0,80,68,5267,mixed,https://store.steampowered.com/app/1238060/
A,River City Super Sports Challenge ~All Stars Special~,$19.99,$2.99,17.0,85,67,689,mixed,https://store.steampowered.com/app/326340/
AA,Welcome to ParadiZe,$19.99,$1.99,18.0,90,66,1066,mixed,https://store.steampowered.com/app/1519090/
AA,ADR1FT,$19.99,$3.99,16.0,80,57,1139,mixed,https://store.steampowered.com/app/300060/
A,Spike Volleyball,$19.99,$1.99,18.0,90,54,614,mixed,https://store.steampowered.com/app/738550/
AA,DRAGON BALL: THE BREAKERS,$19.99,$2.99,17.0,85,54,2484,mixed,https://store.steampowered.com/app/1276760/
A,Siege Survival: Gloria Victis,$18.99,$1.89,17.1,90,79,1368,positive,https://store.steampowered.com/app/1167140/
A,Space Empires V,$18.74,$3.74,15.0,80,73,423,positive,https://store.steampowered.com/app/1690/
A,Transference™,$18.49,$3.69,14.8,80,69,476,mixed,https://store.steampowered.com/app/647570/
A,Assassin’s CreedⓇ Odyssey - The Fate of Atlantis,$18.49,$3.69,14.8,80,64,1646,mixed,https://store.steampowered.com/app/937892/
A,Assassin’s CreedⓇ Odyssey – Legacy of the First Blade,$18.49,$3.69,14.8,80,40,1872,mixed,https://store.steampowered.com/app/937891/
A,Dying Light,$18.00,$3.60,14.4,80,94,99131,positive,https://store.steampowered.com/app/239140/
A,Dying Light - Cuisine & Cargo,$18.00,$3.60,14.4,80,88,337,positive,https://store.steampowered.com/app/302101/
A,Dying Light - The Bozak Horde,$18.00,$3.60,14.4,80,56,1422,mixed,https://store.steampowered.com/app/325723/
A,Battle Chasers: Nightwar,$17.99,$3.59,14.4,80,85,2453,positive,https://store.steampowered.com/app/451020/
A,The Escapists: The Walking Dead,$17.99,$1.79,16.2,90,63,741,mixed,https://store.steampowered.com/app/388060/
A,Sweet Transit,$17.49,$3.49,14.0,80,67,1120,mixed,https://store.steampowered.com/app/1612770/
A,Worms Ultimate Mayhem,$16.99,$3.39,13.6,80,86,1667,positive,https://store.steampowered.com/app/70600/
A,Metamorphosis,$16.99,$3.39,13.6,80,83,467,positive,https://store.steampowered.com/app/1025410/
A,Company of Heroes - Legacy Edition,$16.49,$3.29,13.2,80,93,2727,positive,https://store.steampowered.com/app/4560/
A,Nickelodeon All-Star Brawl 2,$15.99,$1.59,14.4,90,81,1014,positive,https://store.steampowered.com/app/2017080/
A,SNK HEROINES Tag Team Frenzy,$15.99,$2.39,13.6,85,72,892,positive,https://store.steampowered.com/app/794580/
A,Headbangers: Rhythm Royale,$15.99,$3.19,12.8,80,69,983,mixed,https://store.steampowered.com/app/1761620/
A,The Walking Dead: Destinies,$15.99,$3.19,12.8,80,41,709,mixed,https://store.steampowered.com/app/2192790/
A,THE KING OF FIGHTERS '98 ULTIMATE MATCH FINAL EDITION,$14.99,$2.24,12.75,85,92,701,positive,https://store.steampowered.com/app/222420/
A,Torchlight,$14.99,$2.99,12.0,80,91,3481,positive,https://store.steampowered.com/app/41500/
A,Assassin’s Creed® Rogue,$14.99,$2.99,12.0,80,86,7728,positive,https://store.steampowered.com/app/311560/
A,Akimbot,$14.99,$1.49,13.5,90,82,765,positive,https://store.steampowered.com/app/1843540/
A,Outcast - Second Contact,$14.99,$1.49,13.5,90,82,738,positive,https://store.steampowered.com/app/618970/
A,Assassin's Creed® Origins - The Curse Of The Pharaohs,$14.99,$2.24,12.75,85,80,979,positive,https://store.steampowered.com/app/662351/
A,Fruit Ninja VR,$14.99,$2.99,12.0,80,80,801,positive,https://store.steampowered.com/app/486780/
A,Red Faction Guerrilla Re-Mars-tered,$14.99,$2.99,12.0,80,80,2110,positive,https://store.steampowered.com/app/667720/
A,Quest Hunter,$14.99,$2.99,12.0,80,80,821,positive,https://store.steampowered.com/app/487000/
A,Sheltered,$14.99,$1.49,13.5,90,77,2437,positive,https://store.steampowered.com/app/356040/
A,Agatha Christie - Hercule Poirot: The First Cases,$14.99,$1.49,13.5,90,76,1170,positive,https://store.steampowered.com/app/1573720/
A,Watch_Dogs™,$14.99,$1.49,13.5,90,75,19933,positive,https://store.steampowered.com/app/243470/
A,Joe Dever's Lone Wolf HD Remastered,$14.99,$1.49,13.5,90,75,597,positive,https://store.steampowered.com/app/279440/
A,Aven Colony,$14.99,$1.49,13.5,90,73,1226,positive,https://store.steampowered.com/app/484900/
A,Mordheim: City of the Damned,$14.99,$1.04,13.95,93,71,4761,positive,https://store.steampowered.com/app/276810/
A,Painkiller Hell & Damnation,$14.99,$1.49,13.5,90,71,988,positive,https://store.steampowered.com/app/214870/
A,Agarest: Generations of War,$14.99,$2.99,12.0,80,70,1668,positive,https://store.steampowered.com/app/237890/
A,Gear.Club Unlimited 2 - Ultimate Edition,$14.99,$2.99,12.0,80,67,399,mixed,https://store.steampowered.com/app/1557860/
A,Red Faction®: Armageddon™,$14.99,$1.49,13.5,90,66,1306,mixed,https://store.steampowered.com/app/55110/
A,Rise of the Triad,$14.99,$1.49,13.5,90,66,1905,mixed,https://store.steampowered.com/app/217140/
A,Trials Fusion™,$14.99,$2.99,12.0,80,64,1503,mixed,https://store.steampowered.com/app/245490/
A,The Bureau: XCOM Declassified,$14.99,$2.99,12.0,80,64,2917,mixed,https://store.steampowered.com/app/65930/
A,Trials® Rising,$14.99,$2.99,12.0,80,61,1576,mixed,https://store.steampowered.com/app/641080/
A,Mighty No. 9,$14.99,$1.49,13.5,90,57,1955,mixed,https://store.steampowered.com/app/314710/
A,Floodland,$14.99,$1.49,13.5,90,54,922,mixed,https://store.steampowered.com/app/1336180/
